review_id,order_id,review_score,review_comment_title,review_comment_message,review_creation_date,review_answer_timestamp,AR_H_COMMIT_TIMESTAMP,OP
57bcbe19add76a4789eb9a5220952aa0,ecf079f16ac07328e5153aa201fbbb1e,5,Super recomendo ! ,O relógio é lindo gostei muito. Em relação a embalagem veio muito bem protegido. ,2018-08-18,2018-08-18 10:48:46,2018-08-18,I
fa51c9ea7e0e2be422b179b185bd206a,f55dcacbda42aa97458735683d9fbb76,1,,Depois q o app foi atualizado fikou 1 porcaria!!!!!!!!!!!!!!,2018-08-18,2018-08-22 19:15:47,2018-08-18,I
58dde20c53f73a1828b17d98e4d80a11,fbb38f33f44df110ef060767b70bdfa3,1,Tinta não é original,"Não recomendo a loja, estão anunciando tinta original Epson e não é. Uma falsificação quase perfeita. Revoltado devido a tentativa de ludibriar o consumidor. ",2018-08-18,2018-08-20 23:06:38,2018-08-18,I
d53fe1153e24a9b186b3a6fdc20b813b,6715132837520c5934acfadb854f1735,5,Aprovado ,"Entregue ok! Produto superando expectativas!
",2018-08-18,2018-08-19 02:16:43,2018-08-18,I
c6b0c567c89fad24fb53343a236ef0a4,6295deb0648081b2c69f620033fadc33,5,,,2018-08-18,2018-08-19 17:46:42,2018-08-18,I
06ca194124abbad77d75180f3603ade1,514988a3e142461049264d74b768b365,5,,tudo bem satisfeito.,2018-08-18,2018-08-21 01:59:34,2018-08-18,I
966d1e9fe29ce0b6d74eaa087c7e267b,046bac99a3d9ff45ef86ebcd710b972a,4,,,2018-08-18,2018-08-19 17:23:02,2018-08-18,I
b153f2bc42709698cf2e1ed6e1314c04,045b9114be21f880246ba6d749f577af,5,,,2018-08-18,2018-08-22 00:02:20,2018-08-18,I
9515e1e3f2f053f11f261ed1a16fad26,171b2216b2d1b1f42bc9481f06dfaa40,5,,,2018-08-18,2018-08-21 15:29:21,2018-08-18,I
29444ad0d742567872180774d4fc0f08,723fdebe8280ea74fca298382c4d7ac7,5,,,2018-08-18,2018-08-20 03:06:08,2018-08-18,I
41a15c1d298e2bc5c23ec0dac4814d2f,5ff8bece1ba3adcb585b884358bb9917,4,,,2018-08-18,2018-08-18 10:50:11,2018-08-18,I
5f2f81b2c6f71fce0db3c57d0674512f,9eedaa8643ebca26e894f58017d00970,5,Excelente atendimento ao ,Interesse em agradar o cliente e ótima mercadoria,2018-08-18,2018-08-18 22:14:16,2018-08-18,I
92b9774992814a228660d86ad3555d79,9ff047a1638917c70a538d0aa9cdb6d3,5,super recomendo,,2018-08-18,2018-08-19 14:06:30,2018-08-18,I
7013a0d90d84511a6abe2ef9df6ce0b1,6ab1e9ffa5914f8b0f2c4f4eb98e5a2f,4,Recomendo a loja,Entrega antes do prazo previsto.,2018-08-18,2018-08-20 12:51:26,2018-08-18,I
18fceeb1922d33e430a529e0d768f106,81935e523702224d87bc6b915f51649e,4,Encomenda não entregue,"Bom dia , o produto não foi entregue e no rastreamento ainda colocaram que não tinha ninguém em casa. O que é uma mentira, porque ficou gente em casa o dia todo. Espero que seja entregue",2018-08-18,2018-08-18 13:26:32,2018-08-18,I
b6b5d6337fc7a99d6a720e586a1e70f4,862ec83f2ebeb547ccece5ad0f8d6332,1,,,2018-08-18,2018-08-19 03:28:41,2018-08-18,I
423921cb314542f16b452cc31f93a2c5,9f7d811e4738ca24d33c0dc98d2cba67,5,,,2018-08-18,2018-08-19 01:50:29,2018-08-18,I
d2bec756c1b59dc382120f61bd09c794,92d7bb51e2c6778f7a049b89cfd52870,4,,,2018-08-18,2018-08-21 11:29:30,2018-08-18,I
38fef6987a6dbeef881c4ab6e47460e5,991dc90330a54fbf3461dec5bf8226ec,1,B2W malandra,B2W ANUNCIA produto que não tem para vender o que compromete a confiança do consumidor na marca. ,2018-08-18,2018-08-18 03:57:10,2018-08-18,I
85b5a1999dce74a299fd1689298c96d8,9724ff037a78e9215939269a8f52ef19,5,,Amei! Muito macio,2018-08-18,2018-08-19 00:21:51,2018-08-18,I
378749a826233526f5e08f0778445da5,35ee767c6d8dd29df4b683ac20d34c9b,4,Prazo,Há diferença de prazo de entrega.,2018-08-18,2018-08-20 18:06:51,2018-08-18,I
2a86f8e68d30a6f590e17fa463611a8a,acf5ccf66bf3f5feb826e01d3766e474,5,Produto maravilhoso,"Eu amei o produto , super indico ",2018-08-18,2018-08-20 02:00:50,2018-08-18,I
3384c0492f3da23b8f1b0de8793d9429,c97d02761ac50ebad2f99e2c4b710976,5,,,2018-08-18,2018-08-19 23:00:41,2018-08-18,I
d150e365108fa6d225ce1e08fc97549c,b153668d9576aeae5c424bf7b125eea2,4,,,2018-08-18,2018-08-20 00:25:20,2018-08-18,I
41b71ce4b8849a56b4d51b9c87c19711,0c0b4c682dc77d70dbc4cf1ed44ede36,5,Muito satisfeito,Produto excelente. Facil uso. Recomendo.,2018-08-18,2018-08-18 21:28:06,2018-08-18,I
1dda6144201c69199abb2d49cc04c748,1ddeff2fa520dc8916dc524bd3b0e58e,5,,,2018-08-18,2018-08-18 20:29:08,2018-08-18,I
406e19b78d5c812760bc2a9314c46027,fa8fe325f86ee264db13706bd82eed79,5,,,2018-08-18,2018-08-20 12:05:08,2018-08-18,I
bab851b09bae8ad15abbb6be56cc38c2,b63262d64190314592077ae012a3e049,5,,,2018-08-18,2018-08-20 21:46:59,2018-08-18,I
74036afb171965271895e9957a071c09,97a3784af9d034ddf29b8a15f7a2faa9,5,,,2018-08-18,2018-08-21 01:19:15,2018-08-18,I
f35ef452ee8be9623f725937bcd6b100,bea1ab5c0fe7913f170dd7e82e53dac4,5,Torneira com filtro ,"Excelente produto, por ser Forusi já era de se esperar qualidade.
Empresa vendedora e intermediadora que respeitam o cliente chegou bem antes do prazo !
",2018-08-18,2018-08-19 22:59:57,2018-08-18,I
3a5a10d592a6e639cdb9330c9e6d2a87,5290c34bd38a8a095b885f13958db1e1,3,3,,2018-08-18,2018-08-21 00:47:13,2018-08-18,I
cd067325c7f9dd11c0e22408e69ce65e,673af36c8b5395e5199820c02b42abe9,5,Elegios,Gostei muito obrigado por atender os clientes com muita competência. ,2018-08-18,2018-08-20 22:28:32,2018-08-18,I
8fd17a3eb86cb094278f39158f1660ac,2421e957dc390d2f987c986a1683a757,5,,,2018-08-18,2018-08-20 18:40:44,2018-08-18,I
74f44ca066375c07cf4bcb58aee26c3c,fb3ea316744c112147796dcd168a18f3,5,,,2018-08-18,2018-08-18 21:10:50,2018-08-18,I
b0dd685689ac81ab4c5fddc3d4e1e07d,bd945884aa64e33bd6c1777facafc0ec,1,Produto não enviado,Comprei duas unidades do produto só recebi uma. Aguardo o envio ou informações sobre a segunda..,2018-08-18,2018-08-18 16:42:24,2018-08-18,I
93b191abccea95be843ff81fc448f3ea,a9424f275ec54b45085e8b3fdf21361d,1,,Não Recebi o produto ainda!!,2018-08-18,2018-08-20 14:29:22,2018-08-18,I
65730532a5583418ee721876062a6cda,60b37209020e1a5a5857b1ceec4037de,5,Excelente ,"Quadro bonito e bem feito, otimo custo beneficio.",2018-08-18,2018-08-18 15:35:59,2018-08-18,I
579d9cc52cad5a36236863822e5b8237,dfd392778e7a38df71de5abb039ed533,2,inconclusiva,"Não recebi ainda os produtos por incompetência dos correios, não tem como avaliar da maneira que vocês pediram. Acho que vocês deveriam mudar a pesquisa. Tipo: se não, Porque?",2018-08-18,2018-08-20 10:46:34,2018-08-18,I
5683a7ab773b86997d721db935349af7,74e198a81e758ec637a42e8f2e856927,1,nao entregam produto,"eu fui na lojas lannister pra comprar no site lannister pensando ser seguro mero engano, me enviaram embalagem com nota nao sei se e e verdadeira ,o produto nao veio e paguei a vista no dinheiro.",2018-08-18,2018-08-20 20:00:22,2018-08-18,I
c9b660735e89fee3ad4cb8827de985b1,049ac54eda25ad838a76c65dcfd27c9a,5,,,2018-08-18,2018-08-21 11:10:57,2018-08-18,I
4fd70d4e6c78216cdc2d9b7be40d6ce0,a2f52e92cd1090e316f0f92c3615c179,4,,,2018-08-18,2018-08-19 13:50:08,2018-08-18,I
9a10a989e3678d045bdec520ed8b219c,5c097b2906957e90e5958008194041ba,5,,Gostei bastante,2018-08-18,2018-08-18 17:44:14,2018-08-18,I
7bb1a163a16b7476ebc81fc986e6a479,38cea9cee434d8caeca46e5b63002eb7,1,Produto com defeito!,2 dos 4 sensores não funciona. Ja foram feito todos os testes e produto não esta funcionando.,2018-08-18,2018-08-21 13:11:33,2018-08-18,I
d93f325ae03748acb55044eb25f1ae1e,ba4cf91b35e26a694108bfd8eebb2cec,5,Recebido!,,2018-08-18,2018-08-20 20:19:56,2018-08-18,I
829aa540a2a5a9620cad0626ac251e61,5ddee063fdf0f2a5c828b499fb857e85,5,,,2018-08-18,2018-08-20 23:46:25,2018-08-18,I
0dd8142ea45149b70cebeb65024b6b0e,2a26d2bff48eca96ae022096754602f0,5,Super Recomendo.,"Entrega do produto feita bem antes data, tamanho certo e itens que constavam no kit. Muito melhor que o esperado.",2018-08-18,2018-08-19 23:36:57,2018-08-18,I
cf98a43c043845dee2151c1514b02e77,5b8dcad724fe4568d2615017c056e69b,1,,,2018-08-18,2018-08-19 19:47:50,2018-08-18,I
cc451beb8ef5ce647e45002b9b484390,013a98b3a668bcef05b98898177f6923,3,Recomendo,"os produtos comparados form entregues antes do prazo.
Mas o valor do frete esta muito alto.",2018-08-18,2018-08-19 00:07:35,2018-08-18,I
5516d3df1f3d7be03e4c2f3192502f13,48805bfedbbbfe75dabe602c05eae895,4,capa de bicicleta,"a cor azul da capa é bem esmaecida e na foto era bem viva, de resto, tudo ok,",2018-08-18,2018-08-21 20:05:21,2018-08-18,I
c34e96fac43757331c8cc657c4e00ac1,ea478babcce555886b89e947325ceb48,5,,,2018-08-18,2018-09-03 12:10:34,2018-08-18,I
e5dc4beeac8d666b9ae129af7dda4a97,c4a813b981516ec9f56994ad042d9fbd,5,,,2018-08-18,2018-08-18 10:38:42,2018-08-18,I
e73b67b67587f7644d5bd1a52deb1b01,47770eb9100c2d0c44946d9cf07ec65d,5,,,2018-08-18,2018-08-22 19:07:58,2018-08-18,I
f6dba78b95f12fde913dbd44c7e35061,a1f0d7a839bac074bdbd34af57df3522,4,,,2018-08-18,2018-08-18 16:37:19,2018-08-18,I
51a49de7b5f571d119a16c2fead72622,9c984f2c226fb999a439fcc64c73caa2,4,,,2018-08-18,2018-08-21 10:10:13,2018-08-18,I
021f2a15daad6d58a00422d72649bb25,b80ad2b6c5b351d9e15b84a8008a7d87,5,Bom loja,,2018-08-18,2018-08-18 21:53:41,2018-08-18,I
d29d947b4b26b23eb0725ac8fd3e68ee,d68393f8b33cd22df7d78832c2761013,5,Tudo nos conformes,,2018-08-18,2018-08-20 02:55:11,2018-08-18,I
86349933ffb523f45e0be79472cb8144,836f9b5adb4fe06d8980fb71fa06b691,1,PÉSSIMO SERVIÇO ,Já solicitei a troca porém até o momento nada. Enviaram o produto errado e agora informam que a troca não pode ser feita. ,2018-08-18,2018-08-18 20:32:46,2018-08-18,I
16445005bf46604d4f051063d1dcedb0,ff3c0c2207c6a0aad6029251042fd6d1,4,,,2018-08-18,2018-08-19 00:41:40,2018-08-18,I
4ce356e500322a6632aeb92e8225fb27,f9caecc41dc2d3c623aa7b362611fdd2,1,Produto Mal feito,"Produto mal feito, torto, com as soldas mal feitas.",2018-08-18,2018-08-20 12:05:06,2018-08-18,I
b19fd9176b81354620dce51580eed060,732a77c453f0b9ea3a2665a575f3ecd3,5,,,2018-08-18,2018-08-22 00:54:59,2018-08-18,I
668fcfc39b15a8751fd9f9c3721c6533,a0d3b62390e72dcfd8fc6b29c1af0061,5,´´Otimo,Muito obrigada,2018-08-18,2018-09-10 16:59:46,2018-08-18,I
6f4bf5dbef6e28551038b54100560a4e,787590b924b0ef0a1da6164beb46a05d,3,,,2018-08-18,2018-09-15 00:53:25,2018-08-18,I
b51d516182fbac0aacc8b086e803dcde,4d59391202a2a67c2e2fea6f349a67f5,5,Péssima ,Recebi o produto que eh falso quero meu dinheiro de volta ,2018-08-18,2018-08-20 17:12:46,2018-08-18,I
5fc24814be99e80023baebff0e4747c9,83f897bfa5b1f95356e8c9a33679cb49,5,Compra e entrega rápida,Entrega dentro do prazo estabelecido. Produto em ótimas condições.Produto em si excelente!,2018-08-18,2018-08-20 19:45:14,2018-08-18,I
25c76db9ddd7d570943025531d33b81f,cd94df7a0a839741782e115e9cb997fe,5,Muito boa,"Produto muito bom
Entrega realizada antes do prazo. ",2018-08-18,2018-08-21 02:45:13,2018-08-18,I
72cd24ac268e226359ba1aefc07fbd00,7aa5fe5b772da0099ed083f51f800e8c,5,,,2018-08-18,2018-08-20 15:39:33,2018-08-18,I
9aa20d5f7f7abeece2bf8ca9aff54c10,72bab69c50432c6f94d8b50a5f84b69a,5,Recomendo,Produto chegou antes da data prevista.,2018-08-18,2018-09-01 03:09:31,2018-08-18,I
1acaf76c3c504b7a4e0f43a0036d5ebf,95549a3370d5fe86da9749cae8d5aa45,5,REcomendo,x,2018-08-18,2018-08-18 18:49:31,2018-08-18,I
85ac9a90d18f964e8591bfa90c83c7be,67899dac84e7e591ff0edc0d1dd0574e,5,,,2018-08-18,2018-08-19 05:17:56,2018-08-18,I
b1e892910a12ce5ace5b1e9d89c0290d,7fe8e22ba2618c5ddc0ddd48c6d4760c,5,,,2018-08-18,2018-08-21 06:33:50,2018-08-18,I
fe580d9142b98ec8cb20cdec70992474,0d5d3777270af3ab88e1ad0e74c57e52,4,Ótima ,,2018-08-18,2018-08-24 15:48:44,2018-08-18,I
ee58a3234d651611d107dc7c99a75bb9,d19ac15d2d6a66a837bc8bff474218b2,1,cancelei ha t3mpo,"Cancelei ha tempos, enviaram mesmo assim e nao estornaram os valores",2018-08-18,2018-08-19 04:21:02,2018-08-18,I
1a3086d5a0d80c95447f3bbc0e69dac1,77a6d5a1a8e5b3e165b43761f761cb1b,5,Bom,Entrega rapida,2018-08-18,2018-08-19 07:10:52,2018-08-18,I
b69c19aca85ddc14667e5f7dc60ca695,4e6e19799199fdb9bc1439118a8de912,3,,,2018-08-18,2018-08-30 10:42:10,2018-08-18,I
180b9bbc6d35c4a68093db283abb3978,f7b736bf93ccc535ded543a109635e28,5,,,2018-08-18,2018-08-19 01:03:04,2018-08-18,I
974e5658c655a9e875caac8eb762c32e,aa55fe8ca349feb37768777a5908d285,5,,,2018-08-18,2018-08-31 00:29:49,2018-08-18,I
0f5e342f31ae60737fabed81675584f3,3f50f62b343cd447c0fd8af4196bdc33,5,,,2018-08-18,2018-08-21 11:09:06,2018-08-18,I
0e00e7f374c320b902b55f35565b78fa,4c0b7cef000c9351cd7f160ad283a0f8,4,,,2018-08-18,2018-08-20 11:12:48,2018-08-18,I
ff3a67dd6c5d8b7f6d50c235aab87215,a74094da6741c43e6cdd5fc25ca3ff98,5,Recomendo!,"Produto de ótima qualidade, entregue no prazo e muito bem embalado!",2018-08-18,2018-08-21 13:15:57,2018-08-18,I
0e2023d49b13eebcca2fb73a1332466d,0478ce23b7b39ac01b3bbd39109b083a,5,Otimo,,2018-08-18,2018-08-19 17:11:54,2018-08-18,I
068122c368a19cd3119df07fa65aa55b,43212d0edb989569de152cc65e9d96fc,5,,otimo,2018-08-18,2018-08-20 13:00:49,2018-08-18,I
74e1b826772884d613776bebb18da18e,6e57e23ecac1ae881286657694444267,3,,,2018-08-18,2018-08-20 10:24:58,2018-08-18,I
815018ecb191fd9d1cadd856c1447762,078f6a01964ee122ef20881df839af31,1,Produto não recebido,Não recebi o produto que esta sendo cobrado no meu cartão de credito.,2018-08-18,2018-08-20 11:53:15,2018-08-18,I
48b59eaf14d7413f9bebc31a061d54fa,66305a754211cca47c3a2a59addf19ba,5,super recomendo,"show de bola, entregaram antes do prazo previsto",2018-08-18,2018-08-18 20:37:49,2018-08-18,I
0356d87a8d68659afacd3f5023901c27,9e9388221b25d449765ae3b8b908c4dd,5,,,2018-08-18,2018-08-19 10:07:13,2018-08-18,I
25490ada5600f25e9cde23d0d95837d0,e95607028a36a5f9d9fa2702b4bc1f81,5,,,2018-08-18,2018-08-20 10:42:20,2018-08-18,I
17b3fbaa97866672e10b7794c58b76c1,a97a2be3f668f7c6d75a218b2dba8720,5,5 estrelas,"muito eficiente ,entrega feita 12 dias antes da data prevista",2018-08-18,2018-08-19 01:32:08,2018-08-18,I
1703e74ddc333e5a1a3908856b575b23,ad0e8e3c3cda723a11733875aea3ec64,5,,,2018-08-18,2018-08-21 01:09:02,2018-08-18,I
03f7b4d427b9c0308b80826929d53f00,5a6cd6b1857e91f2e14f76af61a7ec07,5,Entrega muito rapida,Produto muito bom.,2018-08-18,2018-08-18 21:19:09,2018-08-18,I
ed215e2f54837bba421ea3f6b3913e76,990791b9237f52581d0a924b447c6fdf,5,Produto excelente ,"Muito bom de alta qualidade, superou minhas expectativas ",2018-08-18,2018-08-20 15:05:07,2018-08-18,I
3635d3aa3f7365d1b357dbb2eeedfb7e,0373227125997244e6f59bd76e717abf,5,,,2018-08-18,2018-08-19 17:18:30,2018-08-18,I
a60822b1ed3eb1c5058ece8618590238,2728d62e6ca51781ee895aca18a89f31,5,,,2018-08-18,2018-08-18 17:42:47,2018-08-18,I
10b7f9f33fff28dee9f403856964aa4a,a109b4732228abd28233fc31ca544cac,5,,,2018-08-18,2018-08-19 01:13:45,2018-08-18,I
ae28a42e63b5e0caaae245b9eae22d64,1314746d24fc84d41f49777b0ad90c69,3,,,2018-08-18,2018-08-21 02:56:06,2018-08-18,I
05ab13f6b8f9727b7709833f7445033a,187098e4e124f41f3a325782e3c372ac,4,,,2018-08-18,2018-08-20 17:11:28,2018-08-18,I
a20abad782e7b4b72860add003c6c2c9,abd273cdcd250f53a125d77e6798e0d1,5,,,2018-08-18,2018-08-26 13:13:43,2018-08-18,I
42fd8b65624eb2813fa74c377bbc5e91,e804510d7bf65ec23803813f9bc9dc15,5,,,2018-08-18,2018-08-20 11:02:35,2018-08-18,I
02f29e4ac238024f80ed96cc0f30e772,b0d9e11d4daffb6828bd2ca9ea78d916,2,Regular,"Não gostei. Muito fina. Não é cara, mas por esse preço compro uma melhor.",2018-08-18,2018-08-20 00:08:52,2018-08-18,I
ad894f4ddedf2ed0c227108e97426d88,1a3a7d56968e2833fcbb6d4f6885c1cf,3,,,2018-08-18,2018-08-19 01:10:53,2018-08-18,I
13dc5bdff96a59b9ae1c32c0780dbb6e,35133d30b32f389949394cf5ce8ab03e,4,bom,bom,2018-08-18,2018-08-21 17:07:55,2018-08-18,I
